<?xml version="1.0" encoding="utf-8" ?>

<Defs>
	<ThingDef ParentName="BuildingBase">
		<defName>MPC_MechanoidLaserTurret</defName>
		<label>Mechanoid Laser</label>
		<thingClass>Building_TurretGun</thingClass>
		<graphicData>
			<texPath>Things/Building/Security/MechanoidTurretBase</texPath>
			<shaderType>CutoutComplex</shaderType>
			<graphicClass>Graphic_Single</graphicClass>
			<drawSize>(2,2)</drawSize>
			<damageData>
				<rect>(0.2,0.2,0.6,0.6)</rect>
			</damageData>
		</graphicData>
		<castEdgeShadows>true</castEdgeShadows>
		<minifiedDef>MinifiedThing</minifiedDef>
		<uiIconPath>Things/Building/Security/MechanoidLaserGun_Ico</uiIconPath>
		<altitudeLayer>BuildingOnTop</altitudeLayer>
		<pathCost>70</pathCost>
		<statBases>
			<MaxHitPoints>1000</MaxHitPoints>
			<Flammability>0.35</Flammability>
			<WorkToBuild>4800</WorkToBuild>
			<Mass>240</Mass>
			<Beauty>-20</Beauty>
			<ShootingAccuracyTurret>0.95</ShootingAccuracyTurret>
		</statBases>
		<tickerType>Normal</tickerType>
		<comps Inherit="False">
			<li Class="CompProperties_Explosive">
				<explosiveRadius>8</explosiveRadius>
				<explosiveDamageType>EMP</explosiveDamageType>
				<chanceNeverExplodeFromDamage>0.25</chanceNeverExplodeFromDamage>
			</li>
			<li Class="CompProperties_Forbiddable"/>
			<li Class="CompProperties_Power">
				<compClass>CompPowerTrader</compClass>
				<basePowerConsumption>500</basePowerConsumption>
			</li>
			<li Class="CompProperties_Flickable"/>
			<li Class="CompProperties_Breakdownable"/>
		</comps>
		<description>A turret with a mechanoid laser gun on top that automatically fires at nearby and distant enemies. Has a chance to explode in an EMP impulse when damaged.\n\nEvolved defense building, primarily made for stationary warfare against heavy ordinance - on planets of importance. Has a Laser Cannon with a long range target acquisition attached to it. The central weapon system is mounted on an auto turret. Relies on Mechanoid Technology. Can be upgraded.</description>
		<passability>PassThroughOnly</passability>
		<fillPercent>0.85</fillPercent>
		<hasTooltip>true</hasTooltip>
		<thingCategories>
			<li>BuildingsSecurity</li>
		</thingCategories>
		<stuffCategories>
			<li>Metallic</li>
		</stuffCategories>
		<costStuffCount>300</costStuffCount>
		<costList>
			<Plasteel>150</Plasteel>
			<ComponentIndustrial>4</ComponentIndustrial>
			<ComponentSpacer>1</ComponentSpacer>
			<Uranium>75</Uranium>
			<Gold>25</Gold>
		</costList>
		<constructionSkillPrerequisite>9</constructionSkillPrerequisite>
		<terrainAffordanceNeeded>Heavy</terrainAffordanceNeeded>
		<designationCategory>Security</designationCategory>
		<designationHotKey>Misc5</designationHotKey>
		<specialDisplayRadius>56</specialDisplayRadius>
		<stealable>false</stealable>
		<rotatable>true</rotatable>
		<building>
			<ai_combatDangerous>true</ai_combatDangerous>
			<turretGunDef>Gun_MechanoidLaserTurret</turretGunDef>
			<turretBurstCooldownTime>7.2</turretBurstCooldownTime>
			<turretTopGraphicPath>Things/Building/Security/MechanoidLaserGun</turretTopGraphicPath>
			<turretTopOffset>(0, 0.05)</turretTopOffset>
		</building>
		<placeWorkers>
			<li>PlaceWorker_TurretTop</li>
		</placeWorkers>
		<researchPrerequisites>
			<li>MPC_MechanoidBlaster</li>
		</researchPrerequisites>
	</ThingDef>
	
	<ThingDef ParentName="BaseBullet">
		<defName>Bullet_MechanoidLaserTurret</defName>
		<label>Powered nitro laser</label>
		<graphicData>
			<texPath>Things/Projectile/LaserPulse</texPath>
			<graphicClass>Graphic_Single</graphicClass>
			<shaderType>TransparentPostLight</shaderType>
		</graphicData>
		<thingClass>Projectile_Explosive</thingClass>
		<projectile>
			<damageDef>Mech_Laser</damageDef> <!-- Bomb -->
			<damageAmountBase>27</damageAmountBase>
			<speed>150</speed>
			<explosionRadius>1.1</explosionRadius>
			<preExplosionSpawnThingDef>Filth_Fuel</preExplosionSpawnThingDef>
			<preExplosionSpawnChance>0.07</preExplosionSpawnChance>
			<explosionDelay>2</explosionDelay>
			<ai_IsIncendiary>true</ai_IsIncendiary>
			<stoppingPower>0.1</stoppingPower>
			<soundExplode>Interact_Ignite</soundExplode>
		</projectile>
	</ThingDef>

	<ThingDef ParentName="BaseHumanGun">
		<defName>Gun_MechanoidLaserTurret</defName>
		<label>Mechanoid Laser</label>
		<menuHidden>true</menuHidden>
		<description>Evolved defense building, primarily made for stationary warfare against heavy ordinance - on planets of importance. Has a Laser Cannon with a long range target acquisition attached to it. The central weapon system is mounted on an auto turret. Relies on Mechanoid Technology.</description>
		<graphicData>
			<texPath>Things/Weapons/Trunken_Rifle</texPath>
			<graphicClass>Graphic_Single</graphicClass>
		</graphicData>
		<soundInteract>Interact_Rifle</soundInteract>
		<tradeability>None</tradeability>
		<destroyOnDrop>true</destroyOnDrop>
		<statBases>
			<AccuracyTouch>0.97</AccuracyTouch>
			<AccuracyShort>0.94</AccuracyShort>
			<AccuracyMedium>0.91</AccuracyMedium>
			<AccuracyLong>0.89</AccuracyLong>
			<RangedWeapon_Cooldown>0.8</RangedWeapon_Cooldown>
			<DeteriorationRate>0</DeteriorationRate>
			<Mass>40</Mass>
			<Flammability>0</Flammability>
		</statBases>
		<weaponTags>
			<li>TurretGun</li>
		</weaponTags>
		<verbs>
			<li>
				<verbClass>Verb_Shoot</verbClass>
				<hasStandardCommand>true</hasStandardCommand>
				<defaultProjectile>Bullet_MechanoidLaserTurret</defaultProjectile>
				<warmupTime>1.5</warmupTime>
				<range>52.4</range>
				<ticksBetweenBurstShots>2</ticksBetweenBurstShots>
				<burstShotCount>7</burstShotCount>
				<soundCast>MechanoidLaserPulse</soundCast>
				<soundCastTail>GunTail_Light</soundCastTail>
				<muzzleFlashScale>9</muzzleFlashScale>
				<minRange>1.5</minRange>
				<forcedMissRadius>0.05</forcedMissRadius>
				<ai_IsBuildingDestroyer>false</ai_IsBuildingDestroyer>
			</li>
		</verbs>
	</ThingDef>
</Defs>
