<?xml version="1.0" encoding="utf-8" ?>

<Defs>
	<ThingDef ParentName="BuildingBase">
		<defName>MPC_MechanoidBlasterTurret</defName>
		<label>Mechanoid Blaster</label>
		<thingClass>Building_TurretGun</thingClass>
		<graphicData>
			<texPath>Things/Building/Security/MechanoidLoseTurretBase</texPath>
			<shaderType>CutoutComplex</shaderType>
			<graphicClass>Graphic_Single</graphicClass>
			<drawSize>(2,2)</drawSize>
			<damageData>
				<rect>(0.2,0.2,0.6,0.6)</rect>
			</damageData>
			<shadowData>
				<volume>(1.5,0.35,1.4)</volume>
				<offset>(0,0,-0.05)</offset>
			</shadowData>
		</graphicData>
		<castEdgeShadows>true</castEdgeShadows>
		<minifiedDef>MinifiedThing</minifiedDef>
		<uiIconPath>Things/Building/Security/MechanoidTurretGun_Ico</uiIconPath>
		<altitudeLayer>BuildingOnTop</altitudeLayer>
		<pathCost>70</pathCost>
		<statBases>
			<MaxHitPoints>1500</MaxHitPoints>
			<Flammability>0.35</Flammability>
			<WorkToBuild>4400</WorkToBuild>
			<Mass>240</Mass>
			<Beauty>-20</Beauty>
			<ShootingAccuracyTurret>0.91</ShootingAccuracyTurret>
		</statBases>
		<tickerType>Normal</tickerType>
		<comps Inherit="False">
			<li Class="CompProperties_Explosive">
				<explosiveRadius>7</explosiveRadius>
				<explosiveDamageType>EMP</explosiveDamageType>
				<chanceNeverExplodeFromDamage>0.25</chanceNeverExplodeFromDamage>
			</li>
			<li Class="CompProperties_Forbiddable"/>
			<li Class="CompProperties_Power">
				<compClass>CompPowerTrader</compClass>
				<basePowerConsumption>500</basePowerConsumption>
			</li>
			<li Class="CompProperties_Flickable"/>
			<li Class="CompProperties_Breakdownable"/>
			<li Class="CompProperties_CameraShaker">
			<mag>0</mag>
			</li>
		</comps>
		<description>A turret with a mechanoid blaster on top that automatically fires at nearby and distant enemies. Has a chance to explode in an EMP impulse when damaged.\n\nEvolved defense building, primarily made for stationary warfare against xenomorphic insectoids and mechanoid swarms - on planets of importance. Has 4 Blaster Cannons with a long range target acquisition attached to it. The central weapon system is mounted on an auto turret of a sturdy nature. Relies on Mechanoid Technology. Can be upgraded.</description>
		<passability>PassThroughOnly</passability>
		<fillPercent>0.85</fillPercent>
		<hasTooltip>true</hasTooltip>
		<thingCategories>
			<li>BuildingsSecurity</li>
		</thingCategories>
		<stuffCategories>
			<li>Metallic</li>
		</stuffCategories>
		<costStuffCount>150</costStuffCount>
		<costList>
			<Plasteel>300</Plasteel>
			<ComponentIndustrial>4</ComponentIndustrial>
			<ComponentSpacer>1</ComponentSpacer>
			<Uranium>25</Uranium>
			<Gold>75</Gold>
		</costList>
		<constructionSkillPrerequisite>8</constructionSkillPrerequisite>
		<terrainAffordanceNeeded>Heavy</terrainAffordanceNeeded>
		<designationCategory>Security</designationCategory>
		<designationHotKey>Misc5</designationHotKey>
		<specialDisplayRadius>56</specialDisplayRadius>
		<stealable>false</stealable>
		<rotatable>true</rotatable>
		<building>
			<ai_combatDangerous>true</ai_combatDangerous>
			<turretGunDef>Gun_MechanoidBlasterTurret</turretGunDef>
			<turretBurstCooldownTime>7.2</turretBurstCooldownTime>
			<turretTopGraphicPath>Things/Building/Security/MechanoidTurretGun</turretTopGraphicPath>
			<turretTopOffset>(0, 0.1)</turretTopOffset>
		</building>
		<placeWorkers>
			<li>PlaceWorker_TurretTop</li>
		</placeWorkers>
		<researchPrerequisites>
			<li>MPC_MechanoidBlaster</li>
		</researchPrerequisites>
	</ThingDef>
	
	<ThingDef ParentName="BaseBullet">
		<defName>Bullet_MechanoidBlasterTurret</defName>
		<label>Laser salvo</label>
		<graphicData>
			<texPath>Things/Projectile/ChargeLanceShot</texPath>
			<graphicClass>Graphic_Single</graphicClass>
			<shaderType>TransparentPostLight</shaderType>
		</graphicData>
		<thingClass>Projectile_Explosive</thingClass>
		<projectile>
			<damageDef>Mech_Inferno</damageDef>
			<damageAmountBase>17</damageAmountBase>
			<speed>250</speed>
			<explosionRadius>0.5</explosionRadius>
			<preExplosionSpawnThingDef>Filth_Fuel</preExplosionSpawnThingDef>
			<preExplosionSpawnChance>0.07</preExplosionSpawnChance>
			<ai_IsIncendiary>true</ai_IsIncendiary>
			<stoppingPower>0.05</stoppingPower>
		</projectile>
	</ThingDef>

	<ThingDef ParentName="BaseHumanGun">
		<defName>Gun_MechanoidBlasterTurret</defName>
		<label>Mechanoid Blaster</label>
		<menuHidden>true</menuHidden>
		<description>Evolved defense building, primarily made for stationary warfare against xenomorphic insectoids and mechanoid swarms - on planets of importance. Has 4 Blaster Cannons with a long range target acquisition attached to it. The central weapon system is mounted on an auto turret of a sturdy nature. Relies on Mechanoid Technology.</description>
		<graphicData>
			<texPath>Things/Weapons/Trunken_Rifle</texPath>
			<graphicClass>Graphic_Single</graphicClass>
		</graphicData>
		<soundInteract>Interact_Rifle</soundInteract>
		<tradeability>None</tradeability>
		<destroyOnDrop>true</destroyOnDrop>
		<statBases>
			<AccuracyTouch>0.95</AccuracyTouch>
			<AccuracyShort>0.91</AccuracyShort>
			<AccuracyMedium>0.85</AccuracyMedium>
			<AccuracyLong>0.81</AccuracyLong>
			<RangedWeapon_Cooldown>0.8</RangedWeapon_Cooldown>
			<DeteriorationRate>0</DeteriorationRate>
			<Mass>40</Mass>
			<Flammability>0</Flammability>
		</statBases>
		<weaponTags>
			<li>TurretGun</li>
		</weaponTags>
		<verbs>
			<li>
				<verbClass>Verb_Shoot</verbClass>
				<hasStandardCommand>true</hasStandardCommand>
				<defaultProjectile>Bullet_ChargeLance</defaultProjectile>
				<warmupTime>0.5</warmupTime>
				<range>52.4</range>
				<ticksBetweenBurstShots>6</ticksBetweenBurstShots>
				<burstShotCount>24</burstShotCount>
				<soundCast>MechanoidPoweredNitroRound</soundCast>
				<soundCastTail>GunTail_Medium</soundCastTail>
				<muzzleFlashScale>9</muzzleFlashScale>
				<minRange>1.5</minRange>
				<ai_IsBuildingDestroyer>false</ai_IsBuildingDestroyer>
			</li>
		</verbs>
	</ThingDef>
</Defs>
