﻿<?xml version="1.0" encoding="utf-8"?>

<ModMetaData>
	<name>Mechanoid Blaster</name>
	<author>Trunken</author>
	<url></url>
  <supportedVersions>
    <li>1.0</li>
  </supportedVersions>
	<description>Adds a selection of full defense security buildings to the game:

&lt;b&gt;&lt;color=#01fc61&gt;The Mechanoid Turret&lt;/color&gt;&lt;/b&gt;

&lt;b&gt;Properties&lt;/b&gt;
 - Supererior Targeting
 - Laser Pew Pew
 - Slow reload
 - Plated
 - 1x1

&lt;b&gt;Requirements&lt;/b&gt;
 - Technology "Mechanoid power systems"
   (last dependency: "Multy Analyzer")
 - Metal: 150-300
 - Plasteel: 150-300
 - Uranium / Gold : 25-75
 - Components: 4-8 / 1
 - Mechanoid Power Cell (when installed)
 - Power consumption: 500 W

Needs ~11 Researches from scratch Crash Landing

&lt;b&gt;Compatibility&lt;/b&gt;
 - [XND] Turret Extensions
 - Mechanoid Power Source (Auto Balance)
 - CE Ready (Xeno Hot Cell)
 - Savegames

&lt;i&gt;Rips apart everything which comes close to your fortress.&lt;/i&gt;

&lt;b&gt;Load order&lt;/b&gt;
1  [XND] Turret Extensions
2. More Crashed Ship Parts
3. Mechanoid Power Source
4. Mechanoid Master Blaster

&lt;color=#FFC300&gt;&lt;b&gt;Version 2.0&lt;/b&gt;&lt;/color&gt;

**Update: Another One
**Update: And Another One
**Update: And Another One
**Update: New Upgrades
**Update: And Another One
**Update: And Another One

Preview + Details on SteamWorkshop

&lt;b&gt;Credits&lt;/b&gt;
Assemblies DRF by * dninemfive
Sound effects * by wcoltd &amp; robinhood
Brother in arms * Kikohi
German Translation * by Endgegner
</description>
</ModMetaData>