<?xml version="1.0" encoding="UTF-8"?>
<Patch>
  
  <!-- Mod Support for Combat Extended -->
  <Operation Class="PatchOperationFindMod">
	<mods>
		<li>Combat Extended</li>
	</mods>
	<match Class="PatchOperationSequence">
		<success>Always</success>
		<operations>
			<!-- Compatibility for Turrets -->
			<li Class="PatchOperationReplace">
				<xpath>/Defs/ThingDef[defName="MPC_MechanoidBlasterTurret"]</xpath>
				<value>
					<ThingDef ParentName="BuildingBase">
						<defName>MPC_MechanoidBlasterTurret</defName>
						<label>Mechanoid Blaster</label>
						<thingClass>CombatExtended.Building_TurretGunCE</thingClass>
						<graphicData>
							<texPath>Things/Building/Security/MechanoidLoseTurretBase</texPath>
							<shaderType>CutoutComplex</shaderType>
							<graphicClass>Graphic_Single</graphicClass>
							<drawSize>(2,2)</drawSize>
							<damageData>
								<rect>(0.2,0.2,0.6,0.6)</rect>
							</damageData>
						</graphicData>
						<castEdgeShadows>true</castEdgeShadows>
						<minifiedDef>MinifiedThing</minifiedDef>
						<uiIconPath>Things/Building/Security/MechanoidTurretGun_Ico</uiIconPath>
						<altitudeLayer>BuildingOnTop</altitudeLayer>
						<pathCost>70</pathCost>
						<statBases>
							<MaxHitPoints>1500</MaxHitPoints>
							<Flammability>0.35</Flammability>
							<WorkToBuild>4400</WorkToBuild>
							<Mass>240</Mass>
							<Beauty>-20</Beauty>
							<AimingAccuracy>0.89</AimingAccuracy>
							<ShootingAccuracyTurret>1</ShootingAccuracyTurret>
						</statBases>
						<tickerType>Normal</tickerType>
						<comps Inherit="False">
							<li Class="CompProperties_Explosive">
								<explosiveRadius>7</explosiveRadius>
								<explosiveDamageType>EMP</explosiveDamageType>
								<chanceNeverExplodeFromDamage>0.25</chanceNeverExplodeFromDamage>
							</li>
							<li Class="CompProperties_Forbiddable"/>
							<li Class="CompProperties_Power">
								<compClass>CompPowerTrader</compClass>
								<basePowerConsumption>500</basePowerConsumption>
							</li>
							<li Class="CompProperties_Flickable"/>
							<li Class="CompProperties_Breakdownable"/>
						</comps>
						<description>A turret with a mechanoid blaster on top that automatically fires at nearby and distant enemies. Has a chance to explode in an EMP impulse when damaged.\n\nEvolved defense building, primarily made for stationary warfare against xenomorphic insectoids and mechanoid swarms - on planets of importance. Has 4 Blaster Cannons with a long range target acquisition attached to it. The central weapon system is mounted on an auto turret of a sturdy nature. Relies on Mechanoid Technology. Can be upgraded.</description>
						<passability>PassThroughOnly</passability>
						<fillPercent>0.85</fillPercent>
						<hasTooltip>true</hasTooltip>
						<thingCategories>
							<li>BuildingsSecurity</li>
						</thingCategories>
						<stuffCategories>
							<li>Metallic</li>
						</stuffCategories>
						<costStuffCount>150</costStuffCount>
						<costList>
							<Plasteel>300</Plasteel>
							<ComponentIndustrial>4</ComponentIndustrial>
							<ComponentSpacer>1</ComponentSpacer>
							<Uranium>25</Uranium>
							<Gold>75</Gold>
						</costList>
						<constructionSkillPrerequisite>8</constructionSkillPrerequisite>
						<terrainAffordanceNeeded>Heavy</terrainAffordanceNeeded>
						<designationCategory>Security</designationCategory>
						<designationHotKey>Misc5</designationHotKey>
						<specialDisplayRadius>56</specialDisplayRadius>
						<stealable>false</stealable>
						<rotatable>true</rotatable>
						<building>
							<ai_combatDangerous>true</ai_combatDangerous>
							<turretGunDef>Gun_MechanoidBlasterTurret</turretGunDef>
							<turretBurstCooldownTime>7.2</turretBurstCooldownTime>
							<turretTopGraphicPath>Things/Building/Security/MechanoidTurretGun</turretTopGraphicPath>
							<turretTopOffset>(0, 0.2)</turretTopOffset>
						</building>
						<placeWorkers>
							<li>PlaceWorker_TurretTop</li>
						</placeWorkers>
						<researchPrerequisites>
							<li>MPC_MechanoidBlaster</li>
						</researchPrerequisites>
					</ThingDef>
				</value>
			</li>
			<li Class="PatchOperationReplace">
				<xpath>/Defs/ThingDef[defName="Gun_MechanoidBlasterTurret"]</xpath>
				<value>
					<ThingDef ParentName="BaseHumanGun">
						<defName>Gun_MechanoidBlasterTurret</defName>
						<label>Mechanoid Blaster</label>
						<menuHidden>true</menuHidden>
						<description>Evolved defense building, primarily made for stationary warfare against xenomorphic insectoids and mechanoid swarms - on planets of importance. Has 4 Blaster Cannons with a long range target acquisition attached to it. The central weapon system is mounted on an auto turret of a sturdy nature. Relies on Mechanoid Technology.</description>
						<graphicData>
							<texPath>Things/Weapons/Trunken_Rifle</texPath>
							<graphicClass>Graphic_Single</graphicClass>
						</graphicData>
						<soundInteract>Interact_Rifle</soundInteract>
						<tradeability>None</tradeability>
						<destroyOnDrop>true</destroyOnDrop>
						<statBases>
						  <SightsEfficiency>0.85</SightsEfficiency>
						  <ShotSpread>0.05</ShotSpread>
						  <SwayFactor>0.5</SwayFactor>
						  <RangedWeapon_Cooldown>5</RangedWeapon_Cooldown>
						  <DeteriorationRate>0</DeteriorationRate>
						  <Bulk>18.05</Bulk>
						  <Mass>40</Mass>
						  <Flammability>0</Flammability>
						</statBases>
						<weaponTags>
							<li>TurretGun</li>
						</weaponTags>
						<verbs>
						  <li Class="CombatExtended.VerbPropertiesCE">
							<recoilAmount>0.69</recoilAmount>
							<verbClass>CombatExtended.Verb_ShootCE</verbClass>
							<hasStandardCommand>true</hasStandardCommand>
							<defaultProjectile>Bullet_Xenn_Hot</defaultProjectile>
							<warmupTime>0.5</warmupTime>
							<range>52.4</range>
							<ticksBetweenBurstShots>6</ticksBetweenBurstShots>
							<burstShotCount>12</burstShotCount>
							<soundCast>MechanoidPoweredNitroRound</soundCast>
							<muzzleFlashScale>9</muzzleFlashScale>
							<targetParams>
							  <canTargetLocations>false</canTargetLocations>
							</targetParams>
							<recoilPattern>Mounted</recoilPattern>
							<ai_IsBuildingDestroyer>false</ai_IsBuildingDestroyer>
						  </li>
						</verbs>
						<comps>
							<li Class="CombatExtended.CompProperties_FireModes">
								<aiUseBurstMode>FALSE</aiUseBurstMode>
								<aiAimMode>SuppressFire</aiAimMode>
								<aimedBurstShotCount>10</aimedBurstShotCount>
								<noSnapshot>true</noSnapshot>
								<noSingleShot>true</noSingleShot>
							</li>
						</comps>
					</ThingDef>
				</value>
			</li>
		</operations>
	</match>
  </Operation>
  <!-- Nummer Zwei Laser -->
  <Operation Class="PatchOperationFindMod">
	<mods>
		<li>Combat Extended</li>
	</mods>
	<match Class="PatchOperationSequence">
		<success>Always</success>
		<operations>
			<!-- Compatibility for Turret -->
			<li Class="PatchOperationReplace">
				<xpath>/Defs/ThingDef[defName="MPC_MechanoidLaserTurret"]</xpath>
				<value>
					<ThingDef ParentName="BuildingBase">
						<defName>MPC_MechanoidLaserTurret</defName>
						<label>Mechanoid Detonator</label>
						<thingClass>CombatExtended.Building_TurretGunCE</thingClass>
						<graphicData>
							<texPath>Things/Building/Security/MechanoidTurretBase</texPath>
							<shaderType>CutoutComplex</shaderType>
							<graphicClass>Graphic_Single</graphicClass>
							<drawSize>(2,2)</drawSize>
							<damageData>
								<rect>(0.2,0.2,0.6,0.6)</rect>
							</damageData>
						</graphicData>
						<castEdgeShadows>true</castEdgeShadows>
						<minifiedDef>MinifiedThing</minifiedDef>
						<uiIconPath>Things/Building/Security/MechanoidLaserGun_Ico</uiIconPath>
						<altitudeLayer>BuildingOnTop</altitudeLayer>
						<pathCost>70</pathCost>
						<statBases>
							<MaxHitPoints>1000</MaxHitPoints>
							<Flammability>0.35</Flammability>
							<WorkToBuild>4800</WorkToBuild>
							<Mass>240</Mass>
							<Beauty>-20</Beauty>
							<AimingAccuracy>0.91</AimingAccuracy>
							<ShootingAccuracyTurret>1</ShootingAccuracyTurret>
						</statBases>
						<tickerType>Normal</tickerType>
						<comps Inherit="False">
							<li Class="CompProperties_Explosive">
								<explosiveRadius>8</explosiveRadius>
								<explosiveDamageType>EMP</explosiveDamageType>
								<chanceNeverExplodeFromDamage>0.25</chanceNeverExplodeFromDamage>
							</li>
							<li Class="CompProperties_Forbiddable"/>
							<li Class="CompProperties_Power">
								<compClass>CompPowerTrader</compClass>
								<basePowerConsumption>500</basePowerConsumption>
							</li>
							<li Class="CompProperties_Flickable"/>
							<li Class="CompProperties_Breakdownable"/>
						</comps>
						<description>A turret with a mechanoid laser gun on top that automatically fires at nearby and distant enemies. Has a chance to explode in an EMP impulse when damaged.\n\nEvolved defense building, primarily made for stationary warfare against heavy ordinance - on planets of importance. Has a Laser Cannon with a long range target acquisition attached to it. The central weapon system is mounted on an auto turret. Relies on Mechanoid Technology. Can be upgraded.</description>
						<passability>PassThroughOnly</passability>
						<fillPercent>0.85</fillPercent>
						<hasTooltip>true</hasTooltip>
						<thingCategories>
							<li>BuildingsSecurity</li>
						</thingCategories>
						<stuffCategories>
							<li>Metallic</li>
						</stuffCategories>
						<costStuffCount>300</costStuffCount>
						<costList>
							<Plasteel>150</Plasteel>
							<ComponentIndustrial>5</ComponentIndustrial>
							<ComponentSpacer>1</ComponentSpacer>
							<Uranium>75</Uranium>
							<Gold>25</Gold>
						</costList>
						<constructionSkillPrerequisite>9</constructionSkillPrerequisite>
						<terrainAffordanceNeeded>Heavy</terrainAffordanceNeeded>
						<designationCategory>Security</designationCategory>
						<designationHotKey>Misc5</designationHotKey>
						<specialDisplayRadius>56</specialDisplayRadius>
						<stealable>false</stealable>
						<rotatable>true</rotatable>
						<building>
							<ai_combatDangerous>true</ai_combatDangerous>
							<turretGunDef>Gun_MechanoidLaserTurret</turretGunDef>
							<turretBurstCooldownTime>7.2</turretBurstCooldownTime>
							<turretTopGraphicPath>Things/Building/Security/MechanoidLaserGun</turretTopGraphicPath>
							<turretTopOffset>(0, 0.05)</turretTopOffset>
						</building>
						<placeWorkers>
							<li>PlaceWorker_TurretTop</li>
						</placeWorkers>
						<researchPrerequisites>
							<li>MPC_MechanoidBlaster</li>
						</researchPrerequisites>
					</ThingDef>
				</value>
			</li>
			<li Class="PatchOperationReplace">
				<xpath>/Defs/ThingDef[defName="Gun_MechanoidLaserTurret"]</xpath>
				<value>
					<ThingDef ParentName="BaseHumanGun">
						<defName>Gun_MechanoidLaserTurret</defName>
						<label>Mechanoid Detonator</label>
						<menuHidden>true</menuHidden>
						<description>Evolved defense building, primarily made for stationary warfare against heavy ordinance - on planets of importance. Has a Laser Cannon with a long range target acquisition attached to it. The central weapon system is mounted on an auto turret. Relies on Mechanoid Technology.</description>
						<graphicData>
							<texPath>Things/Weapons/Trunken_Rifle</texPath>
							<graphicClass>Graphic_Single</graphicClass>
						</graphicData>
						<soundInteract>Interact_Rifle</soundInteract>
						<tradeability>None</tradeability>
						<destroyOnDrop>true</destroyOnDrop>
						<statBases>
						  <SightsEfficiency>0.88</SightsEfficiency>
						  <ShotSpread>0.05</ShotSpread>
						  <SwayFactor>0.35</SwayFactor>
						  <RangedWeapon_Cooldown>1.2</RangedWeapon_Cooldown>
						  <DeteriorationRate>0</DeteriorationRate>
						  <Bulk>18.05</Bulk>
						  <Mass>40</Mass>
						  <Flammability>0</Flammability>
						</statBases>
						<weaponTags>
							<li>TurretGun</li>
						</weaponTags>
						<verbs>
						  <li Class="CombatExtended.VerbPropertiesCE">
							<recoilAmount>0.69</recoilAmount>
							<verbClass>CombatExtended.Verb_ShootCE</verbClass>
							<hasStandardCommand>true</hasStandardCommand>
							<defaultProjectile>Bullet_30x64mmFuel_Thermobaric</defaultProjectile>
							<warmupTime>1.5</warmupTime>
							<range>52.4</range>
							<ticksBetweenBurstShots>2</ticksBetweenBurstShots>
							<burstShotCount>6</burstShotCount>
							<soundCast>MechanoidLaserPulse</soundCast>
							<muzzleFlashScale>9</muzzleFlashScale>
							<targetParams>
							  <canTargetLocations>false</canTargetLocations>
							</targetParams>
							<recoilPattern>Mounted</recoilPattern>
							<ai_IsBuildingDestroyer>false</ai_IsBuildingDestroyer>
						  </li>
						</verbs>
						<comps>
							<li Class="CombatExtended.CompProperties_FireModes">
								<aiUseBurstMode>FALSE</aiUseBurstMode>
								<aiAimMode>AimedShot</aiAimMode>
								<aimedBurstShotCount>3</aimedBurstShotCount>
								<noSnapshot>true</noSnapshot>
								<noSingleShot>true</noSingleShot>
							</li>
							<li Class="CombatExtended.CompProperties_ExplosiveCE">
								<explosionDamage>15</explosionDamage>
								<explosionDamageDef>Bomb</explosionDamageDef>
								<explosionRadius>2.5</explosionRadius>
								<soundExplode>Explosion_Stun</soundExplode>
							</li>
						</comps>
					</ThingDef>
				</value>
			</li>
		</operations>
	</match>
  </Operation>
  <!-- Nummer Drei Shockwave -->
  <Operation Class="PatchOperationFindMod">
	<mods>
		<li>Combat Extended</li>
	</mods>
	<match Class="PatchOperationSequence">
		<success>Always</success>
		<operations>
			<!-- Compatibility for Turret -->
			<li Class="PatchOperationReplace">
				<xpath>/Defs/ThingDef[defName="MPC_MechanoidShockwaveTurret"]</xpath>
				<value>
					<ThingDef ParentName="BuildingBase">
						<defName>MPC_MechanoidShockwaveTurret</defName>
						<label>Mechanoid Coil</label>
						<thingClass>CombatExtended.Building_TurretGunCE</thingClass>
						<graphicData>
							<texPath>Things/Building/Security/MechanoidZoneTurretBase</texPath>
							<shaderType>CutoutComplex</shaderType>
							<graphicClass>Graphic_Single</graphicClass>
							<drawSize>(2,2)</drawSize>
							<damageData>
								<rect>(0.2,0.2,0.6,0.6)</rect>
							</damageData>
						</graphicData>
						<castEdgeShadows>true</castEdgeShadows>
						<minifiedDef>MinifiedThing</minifiedDef>
						<uiIconPath>Things/Building/Security/MechanoidShockwaveGun_Ico</uiIconPath>
						<altitudeLayer>BuildingOnTop</altitudeLayer>
						<pathCost>70</pathCost>
						<statBases>
							<MaxHitPoints>1250</MaxHitPoints>
							<Flammability>0.35</Flammability>
							<WorkToBuild>5200</WorkToBuild>
							<Mass>200</Mass>
							<Beauty>-20</Beauty>
							<AimingAccuracy>0.98</AimingAccuracy>
							<ShootingAccuracyTurret>1</ShootingAccuracyTurret>
						</statBases>
						<tickerType>Normal</tickerType>
						<comps Inherit="False">
							<li Class="CompProperties_Explosive">
								<explosiveRadius>6</explosiveRadius>
								<explosiveDamageType>EMP</explosiveDamageType>
								<chanceNeverExplodeFromDamage>0.5</chanceNeverExplodeFromDamage>
							</li>
							<li Class="CompProperties_Forbiddable"/>
							<li Class="CompProperties_Power">
								<compClass>CompPowerTrader</compClass>
								<basePowerConsumption>500</basePowerConsumption>
							</li>
							<li Class="CompProperties_Flickable"/>
							<li Class="CompProperties_Breakdownable"/>
						</comps>
						<description>A turret with a shockwave gun on top that automatically fires at nearby and distant enemies. Meant to support during heavy warfare. Has a chance to explode in an EMP impulse when damaged.\n\nEvolved defense building, primarily made to support against incoming ground units. Outsorted models were taken out and misused to beat down riots on Jailplanets. Has a Shockwave Gun with an AI target acquisition attached to it. The central weapon system is mounted on an auto turret. Can be slightly upgraded.</description>
						<passability>PassThroughOnly</passability>
						<fillPercent>0.85</fillPercent>
						<hasTooltip>true</hasTooltip>
						<thingCategories>
							<li>BuildingsSecurity</li>
						</thingCategories>
						<stuffCategories>
							<li>Metallic</li>
						</stuffCategories>
						<costStuffCount>225</costStuffCount>
						<costList>
							<Plasteel>225</Plasteel>
							<ComponentIndustrial>8</ComponentIndustrial>
							<ComponentSpacer>1</ComponentSpacer>
							<Uranium>50</Uranium>
							<Gold>50</Gold>
							<!-- <AIPersonaCore>1</AIPersonaCore> -->
						</costList>
						<constructionSkillPrerequisite>15</constructionSkillPrerequisite>
						<terrainAffordanceNeeded>Heavy</terrainAffordanceNeeded>
						<designationCategory>Security</designationCategory>
						<designationHotKey>Misc5</designationHotKey>
						<specialDisplayRadius>56</specialDisplayRadius>
						<stealable>false</stealable>
						<rotatable>true</rotatable>
						<building>
							<ai_combatDangerous>true</ai_combatDangerous>
							<turretGunDef>Gun_MechanoidShockwaveTurret</turretGunDef>
							<turretBurstCooldownTime>10.2</turretBurstCooldownTime>
							<turretTopGraphicPath>Things/Building/Security/MechanoidShockwaveGun</turretTopGraphicPath>
							<turretTopOffset>(0, 0.05)</turretTopOffset>
						</building>
						<placeWorkers>
							<li>PlaceWorker_TurretTop</li>
						</placeWorkers>
						<researchPrerequisites>
							<li>MPC_MechanoidBlaster</li>
						</researchPrerequisites>
					</ThingDef>
				</value>
			</li>
			<li Class="PatchOperationReplace">
				<xpath>/Defs/ThingDef[defName="Gun_MechanoidShockwaveTurret"]</xpath>
				<value>
					<ThingDef ParentName="BaseHumanGun">
						<defName>Gun_MechanoidShockwaveTurret</defName>
						<label>Mechanoid Coil</label>
						<menuHidden>true</menuHidden>
						<description>Evolved defense building, primarily made to support against incoming ground units. Outsorted models were alienated to beat down riots on Jailplanets. Has a Shockwave Gun with an AI target acquisition attached to it. The central weapon system is mounted on an auto turret.</description>
						<graphicData>
							<texPath>Things/Weapons/Trunken_Rifle</texPath>
							<graphicClass>Graphic_Single</graphicClass>
						</graphicData>
						<soundInteract>Interact_Rifle</soundInteract>
						<tradeability>None</tradeability>
						<destroyOnDrop>true</destroyOnDrop>
						<statBases>
						  <SightsEfficiency>0.98</SightsEfficiency>
						  <ShotSpread>0.15</ShotSpread>
						  <SwayFactor>0.75</SwayFactor>
						  <RangedWeapon_Cooldown>0.1</RangedWeapon_Cooldown>
						  <DeteriorationRate>0</DeteriorationRate>
						  <Bulk>18.05</Bulk>
						  <Mass>40</Mass>
						  <Flammability>0</Flammability>
						</statBases>
						<weaponTags>
							<li>TurretGun</li>
						</weaponTags>
						<verbs>
						  <li Class="CombatExtended.VerbPropertiesCE">
							<recoilAmount>0.39</recoilAmount>
							<verbClass>CombatExtended.Verb_ShootCE</verbClass>
							<hasStandardCommand>true</hasStandardCommand>
							<defaultProjectile>Bullet_60x225mmGamma_Standard</defaultProjectile> <!-- Flashbang -->
							<warmupTime>0.1</warmupTime>
							<range>52.4</range>
							<ticksBetweenBurstShots>1</ticksBetweenBurstShots>
							<burstShotCount>2</burstShotCount>
							<soundCast>MechanoidEnergizedShot</soundCast>
							<soundCastTail>GunTail_Light</soundCastTail>
							<muzzleFlashScale>9</muzzleFlashScale>
							<targetParams>
							  <canTargetLocations>true</canTargetLocations>
							</targetParams>
							<recoilPattern>Mounted</recoilPattern>
							<ignorePartialLoSBlocker>true</ignorePartialLoSBlocker>
							<ai_IsBuildingDestroyer>false</ai_IsBuildingDestroyer>
						  </li>
						</verbs>
						<comps>
							<li Class="CombatExtended.CompProperties_FireModes">
								<aiUseBurstMode>FALSE</aiUseBurstMode>
								<aiAimMode>AimedShot</aiAimMode>
								<aimedBurstShotCount>1</aimedBurstShotCount>
								<noSnapshot>true</noSnapshot>
								<noSingleShot>true</noSingleShot>
							</li>
						</comps>
					</ThingDef>
				</value>
			</li>
		</operations>
	</match>
  </Operation>
  <!-- Nummer Vier Devastator -->
  <Operation Class="PatchOperationFindMod">
	<mods>
		<li>Combat Extended</li>
	</mods>
	<match Class="PatchOperationSequence">
		<success>Always</success>
		<operations>
			<!-- Compatibility for Turret -->
			<li Class="PatchOperationReplace">
				<xpath>/Defs/ThingDef[defName="MPC_MechanoidDevastatorTurret"]</xpath>
				<value>
					<ThingDef ParentName="BuildingBase">
						<defName>MPC_MechanoidDevastatorTurret</defName>
						<label>Mechanoid Devastator</label>
						<thingClass>CombatExtended.Building_TurretGunCE</thingClass>
						<graphicData>
							<texPath>Things/Building/Security/MechanoidLoseTurretBase</texPath>
							<shaderType>CutoutComplex</shaderType>
							<graphicClass>Graphic_Single</graphicClass>
							<drawSize>(2,2)</drawSize>
							<damageData>
								<rect>(0.2,0.2,0.6,0.6)</rect>
							</damageData>
						</graphicData>
						<castEdgeShadows>true</castEdgeShadows>
						<minifiedDef>MinifiedThing</minifiedDef>
						<uiIconPath>Things/Building/Security/MechanoidDevastatorGun</uiIconPath>
						<altitudeLayer>BuildingOnTop</altitudeLayer>
						<pathCost>85</pathCost>
						<statBases>
							<MaxHitPoints>900</MaxHitPoints>
							<Flammability>0.35</Flammability>
							<WorkToBuild>5600</WorkToBuild>
							<Mass>150</Mass>
							<Beauty>-20</Beauty>
							<AimingAccuracy>0.91</AimingAccuracy>
							<ShootingAccuracyTurret>1</ShootingAccuracyTurret>
						</statBases>
						<tickerType>Normal</tickerType>
						<comps Inherit="False">
							<li Class="CompProperties_Explosive">
								<explosiveRadius>5</explosiveRadius>
								<explosiveDamageType>Flame</explosiveDamageType>
							</li>
							<li Class="CompProperties_Forbiddable"/>
							<li Class="CompProperties_Power">
								<compClass>CompPowerTrader</compClass>
								<basePowerConsumption>500</basePowerConsumption>
							</li>
							<li Class="CompProperties_Flickable"/>
							<li Class="CompProperties_Breakdownable"/>
						</comps>
						<description>A turret with a heavy Novagun on top that automatically fires at nearby and distant enemies. Has a chance to explode in an inferno when damaged.\n\nEvolved defense building, primarily made to slow down any incoming offenses with its reactive orbs. The fireline Novagun is guided by an AI Smartfire upgrade and scans the surrounding area for thermal signatures and movement. The central weapon system is mounted on an auto turret. The case can be slightly improved.</description>
						<passability>PassThroughOnly</passability>
						<fillPercent>0.85</fillPercent>
						<hasTooltip>true</hasTooltip>
						<thingCategories>
							<li>BuildingsSecurity</li>
						</thingCategories>
						<stuffCategories>
							<li>Metallic</li>
						</stuffCategories>
						<costStuffCount>250</costStuffCount>
						<costList>
							<Plasteel>150</Plasteel>
							<ComponentIndustrial>4</ComponentIndustrial>
							<ComponentSpacer>1</ComponentSpacer>
							<Uranium>50</Uranium>
							<AIPersonaCore>1</AIPersonaCore>
						</costList>
						<constructionSkillPrerequisite>20</constructionSkillPrerequisite>
						<terrainAffordanceNeeded>Heavy</terrainAffordanceNeeded>
						<designationCategory>Security</designationCategory>
						<designationHotKey>Misc5</designationHotKey>
						<specialDisplayRadius>56</specialDisplayRadius>
						<stealable>false</stealable>
						<rotatable>true</rotatable>
						<building>
							<ai_combatDangerous>true</ai_combatDangerous>
							<turretGunDef>Gun_MechanoidDevastatorTurret</turretGunDef>
							<turretBurstCooldownTime>10.2</turretBurstCooldownTime>
							<turretTopGraphicPath>Things/Building/Security/MechanoidDevastatorGun</turretTopGraphicPath>
							<turretTopOffset>(0, 0.05)</turretTopOffset>
						</building>
						<placeWorkers>
							<li>PlaceWorker_TurretTop</li>
						</placeWorkers>
						<researchPrerequisites>
							<li>MPC_MechanoidBlaster</li>
						</researchPrerequisites>
						<uiIconScale>0.90</uiIconScale>
					</ThingDef>
				</value>
			</li>
			<li Class="PatchOperationReplace">
				<xpath>/Defs/ThingDef[defName="Gun_MechanoidDevastatorTurret"]</xpath>
				<value>
					<ThingDef ParentName="BaseHumanGun">
						<defName>Gun_MechanoidDevastatorTurret</defName>
						<label>Mechanoid Devastator</label>
						<menuHidden>true</menuHidden>
						<description>Evolved defense building, primarily made to slow down any incoming offenses with its reactive orbs. The fireline Novagun is guided by an AI Smartfire upgrade and scans the surrounding area for thermal signatures and movement. The central weapon system is mounted on an auto turret.</description>
						<graphicData>
							<texPath>Things/Weapons/Trunken_Rifle</texPath>
							<graphicClass>Graphic_Single</graphicClass>
						</graphicData>
						<soundInteract>Interact_Rifle</soundInteract>
						<tradeability>None</tradeability>
						<destroyOnDrop>true</destroyOnDrop>
						<statBases>
						  <SightsEfficiency>0.85</SightsEfficiency>
						  <ShotSpread>0.17</ShotSpread>
						  <SwayFactor>0.73</SwayFactor>
						  <RangedWeapon_Cooldown>2</RangedWeapon_Cooldown>
						  <DeteriorationRate>0</DeteriorationRate>
						  <Bulk>25.05</Bulk>
						  <Mass>50</Mass>
						  <Flammability>0</Flammability>
						</statBases>
						<weaponTags>
							<li>TurretGun</li>
						</weaponTags>
						<verbs>
						  <li Class="CombatExtended.VerbPropertiesCE">
							<recoilAmount>0.25</recoilAmount>
							<verbClass>CombatExtended.Verb_ShootCE</verbClass>
							<hasStandardCommand>true</hasStandardCommand>
							<defaultProjectile>Bullet_Xenn_Cold</defaultProjectile>
							<warmupTime>1.8</warmupTime>
							<range>55</range>
							<ticksBetweenBurstShots>2</ticksBetweenBurstShots>
							<burstShotCount>4</burstShotCount>
							<soundCast>MechanoidBlizzard</soundCast>
							<soundCastTail>MechanoidThermal</soundCastTail>
							<muzzleFlashScale>9</muzzleFlashScale>
							<targetParams>
							  <canTargetLocations>true</canTargetLocations>
							</targetParams>
							<recoilPattern>Mounted</recoilPattern>
						  </li>
						</verbs>
						<comps>
							<li Class="CombatExtended.CompProperties_FireModes">
								<aiUseBurstMode>true</aiUseBurstMode>
								<aiAimMode>SuppressFire</aiAimMode>
								<aimedBurstShotCount>1</aimedBurstShotCount>
								<noSnapshot>true</noSnapshot>
								<noSingleShot>true</noSingleShot>
							</li>
						</comps>
					</ThingDef>
				</value>
			</li>
		</operations>
	</match>
  </Operation>
  <!-- Nummer Fünf Multi Burst -->
  <Operation Class="PatchOperationFindMod">
	<mods>
		<li>Combat Extended</li>
	</mods>
	<match Class="PatchOperationSequence">
		<success>Always</success>
		<operations>
			<!-- Compatibility for Turret -->
			<li Class="PatchOperationReplace">
				<xpath>/Defs/ThingDef[defName="MPC_MechanoidMultiTurret"]</xpath>
				<value>
					<ThingDef ParentName="BuildingBase">
						<defName>MPC_MechanoidMultiTurret</defName>
						<label>Mechanoid Multi Burst</label>
						<thingClass>CombatExtended.Building_TurretGunCE</thingClass>
						<graphicData>
							<texPath>Things/Building/Security/MechanoidLoseTurretBase</texPath>
							<shaderType>CutoutComplex</shaderType>
							<graphicClass>Graphic_Single</graphicClass>
							<drawSize>(2,2)</drawSize>
							<damageData>
								<rect>(0.2,0.2,0.6,0.6)</rect>
							</damageData>
						</graphicData>
						<castEdgeShadows>true</castEdgeShadows>
						<minifiedDef>MinifiedThing</minifiedDef>
						<uiIconPath>Things/Building/Security/MechanoidMultiGun</uiIconPath>
						<altitudeLayer>BuildingOnTop</altitudeLayer>
						<pathCost>85</pathCost>
						<statBases>
							<MaxHitPoints>2000</MaxHitPoints>
							<Flammability>0.35</Flammability>
							<WorkToBuild>7500</WorkToBuild>
							<Mass>300</Mass>
							<Beauty>-20</Beauty>
							<AimingAccuracy>0.95</AimingAccuracy>
							<ShootingAccuracyTurret>1</ShootingAccuracyTurret>
						</statBases>
						<tickerType>Normal</tickerType>
						<comps Inherit="False">
							<li Class="CompProperties_Explosive">
								<explosiveRadius>7</explosiveRadius>
								<explosiveDamageType>Flame</explosiveDamageType>
							</li>
							<li Class="CompProperties_Forbiddable"/>
							<li Class="CompProperties_Power">
								<compClass>CompPowerTrader</compClass>
								<basePowerConsumption>500</basePowerConsumption>
							</li>
							<li Class="CompProperties_Flickable"/>
							<li Class="CompProperties_Breakdownable"/>
							<li Class="CompProperties_Refuelable">
								<fuelLabel>Shots until barrel change</fuelLabel>
								<fuelGizmoLabel>Barrel durability</fuelGizmoLabel>
								<fuelFilter>
								  <thingDefs>
									<li>Plasteel</li>
								  </thingDefs>
								</fuelFilter>
								<fuelCapacity>30</fuelCapacity>
								<initialFuelPercent>1</initialFuelPercent>
								<autoRefuelPercent>0.75</autoRefuelPercent>
								<showFuelGizmo>true</showFuelGizmo>
								<minimumFueledThreshold>1</minimumFueledThreshold>
								<fuelMultiplier>0.75</fuelMultiplier>
								<factorByDifficulty>true</factorByDifficulty>
								<consumeFuelOnlyWhenUsed>true</consumeFuelOnlyWhenUsed>
								<outOfFuelMessage>Cannot shoot: Needs new barrel</outOfFuelMessage>
								<fuelIconPath>UI/Overlays/Barrel</fuelIconPath>
							</li>
						</comps>
						<description>A tank turret with a Quadgun on top that automatically fires at nearby and distant enemies. Has a chance to explode in an inferno when damaged.\n\nNeeds Plasteel to repair.\n\nEvolved defense building, primarily made to sieve through approaching combat forces with its superior firepower. Has high velocity fastcharger guns with an adaptive AI target system attached to it. The central weapon system is mounted on an auto turret. Can be upgraded.</description>
						<passability>PassThroughOnly</passability>
						<fillPercent>0.85</fillPercent>
						<hasTooltip>true</hasTooltip>
						<thingCategories>
							<li>BuildingsSecurity</li>
						</thingCategories>
						<stuffCategories>
							<li>Metallic</li>
						</stuffCategories>
						<costStuffCount>225</costStuffCount>
						<costList>
							<Plasteel>225</Plasteel>
							<ComponentIndustrial>4</ComponentIndustrial>
							<ComponentSpacer>1</ComponentSpacer>
							<AIPersonaCore>1</AIPersonaCore>
						</costList>
						<constructionSkillPrerequisite>15</constructionSkillPrerequisite>
						<terrainAffordanceNeeded>Heavy</terrainAffordanceNeeded>
						<designationCategory>Security</designationCategory>
						<designationHotKey>Misc5</designationHotKey>
						<specialDisplayRadius>56</specialDisplayRadius>
						<stealable>false</stealable>
						<rotatable>true</rotatable>
						<building>
							<ai_combatDangerous>true</ai_combatDangerous>
							<turretGunDef>Gun_MechanoidMultiTurret</turretGunDef>
							<turretBurstCooldownTime>10.2</turretBurstCooldownTime>
							<turretTopGraphicPath>Things/Building/Security/MechanoidMultiGun</turretTopGraphicPath>
							<turretTopOffset>(0, 0.15)</turretTopOffset>
						</building>
						<placeWorkers>
							<li>PlaceWorker_TurretTop</li>
						</placeWorkers>
						<researchPrerequisites>
							<li>MPC_MechanoidBlaster</li>
						</researchPrerequisites>
						<uiIconScale>0.90</uiIconScale>
					</ThingDef>
				</value>
			</li>
			<li Class="PatchOperationReplace">
				<xpath>/Defs/ThingDef[defName="Gun_MechanoidMultiTurret"]</xpath>
				<value>
					<ThingDef ParentName="BaseHumanGun">
						<defName>Gun_MechanoidMultiTurret</defName>
						<label>Mechanoid Multi Burst</label>
						<menuHidden>true</menuHidden>
						<description>Evolved defense building, primarily made to sieve through heavy combat forces. Has a Quad Gun with an AI target system attached to it. The central weapon system is mounted on an auto turret.</description>
						<graphicData>
							<texPath>Things/Weapons/Trunken_Rifle</texPath>
							<graphicClass>Graphic_Single</graphicClass>
						</graphicData>
						<soundInteract>Interact_Rifle</soundInteract>
						<tradeability>None</tradeability>
						<destroyOnDrop>true</destroyOnDrop>
						<statBases>
						  <SightsEfficiency>0.95</SightsEfficiency>
						  <ShotSpread>0.05</ShotSpread>
						  <SwayFactor>0.23</SwayFactor>
						  <RangedWeapon_Cooldown>0.9</RangedWeapon_Cooldown>
						  <DeteriorationRate>0</DeteriorationRate>
						  <Bulk>25.05</Bulk>
						  <Mass>100</Mass>
						  <Flammability>0</Flammability>
						</statBases>
						<weaponTags>
							<li>TurretGun</li>
						</weaponTags>
						<verbs>
						  <li Class="CombatExtended.VerbPropertiesCE">
							<recoilAmount>0.25</recoilAmount>
							<verbClass>CombatExtended.Verb_ShootCE</verbClass>
							<hasStandardCommand>true</hasStandardCommand>
							<defaultProjectile>Bullet_15x65mmDiffusingCharged_Buck</defaultProjectile>
							<warmupTime>1.6</warmupTime>
							<range>55</range>
							<ticksBetweenBurstShots>5</ticksBetweenBurstShots>
							<burstShotCount>30</burstShotCount>
							<soundCast>MechanoidPhaserBeam</soundCast>
							<soundCastTail>MechanoidShredder</soundCastTail>
							<muzzleFlashScale>9</muzzleFlashScale>
							<targetParams>
							  <canTargetLocations>true</canTargetLocations>
							</targetParams>
							<recoilPattern>Mounted</recoilPattern>
						  </li>
						</verbs>
						<comps>
							<li Class="CombatExtended.CompProperties_FireModes">
								<aiUseBurstMode>true</aiUseBurstMode>
								<aiAimMode>SuppressFire</aiAimMode>
								<aimedBurstShotCount>24</aimedBurstShotCount>
								<noSnapshot>true</noSnapshot>
								<noSingleShot>true</noSingleShot>
							</li>
							<li Class="CombatExtended.CompProperties_AmmoUser">
								<magazineSize>180</magazineSize>
								<reloadTime>7.8</reloadTime>
								<ammoSet>AmmoSet_762x51mmNATO</ammoSet>
							</li>
						</comps>
					</ThingDef>
				</value>
			</li>
		</operations>
	</match>
  </Operation>

  <!-- Nummer Sechs Trinity Gun -->
  <Operation Class="PatchOperationFindMod">
	<mods>
		<li>Combat Extended</li>
	</mods>
	<match Class="PatchOperationSequence">
		<success>Always</success>
		<operations>
			<!-- Compatibility for Turret -->
			<li Class="PatchOperationReplace">
				<xpath>/Defs/ThingDef[defName="MPC_MechanoidTrinityTurret"]</xpath>
				<value>
					<ThingDef ParentName="BuildingBase">
						<defName>MPC_MechanoidTrinityTurret</defName>
						<label>Mechanoid Trinity</label>
						<thingClass>CombatExtended.Building_TurretGunCE</thingClass>
						<graphicData>
							<texPath>Things/Building/Security/MechanoidTurretPowerBase</texPath>
							<shaderType>CutoutComplex</shaderType>
							<graphicClass>Graphic_Single</graphicClass>
							<drawSize>(2,2)</drawSize>
							<damageData>
								<rect>(0.2,0.2,0.6,0.6)</rect>
							</damageData>
						</graphicData>
						<castEdgeShadows>true</castEdgeShadows>
						<minifiedDef>MinifiedThing</minifiedDef>
						<uiIconPath>Things/Building/Security/MechanoidTrinityGun</uiIconPath>
						<altitudeLayer>BuildingOnTop</altitudeLayer>
						<pathCost>85</pathCost>
						<statBases>
							<MaxHitPoints>650</MaxHitPoints>
							<Flammability>0.45</Flammability>
							<WorkToBuild>4000</WorkToBuild>
							<Mass>240</Mass>
							<Beauty>-20</Beauty>
							<AimingAccuracy>0.65</AimingAccuracy>
							<ShootingAccuracyTurret>1</ShootingAccuracyTurret>
						</statBases>
						<tickerType>Normal</tickerType>
						<comps Inherit="False">
							<li Class="CompProperties_Explosive">
								<explosiveRadius>7</explosiveRadius>
								<explosiveDamageType>Flame</explosiveDamageType>
							</li>
							<li Class="CompProperties_Forbiddable"/>
							<li Class="CompProperties_Power">
								<compClass>CompPowerTrader</compClass>
								<basePowerConsumption>500</basePowerConsumption>
							</li>
							<li Class="CompProperties_Flickable"/>
							<li Class="CompProperties_Breakdownable"/>
							<li Class="CompProperties_Refuelable">
								<fuelLabel>Shots until barrel change</fuelLabel>
								<fuelGizmoLabel>Barrel durability</fuelGizmoLabel>
								<fuelFilter>
								  <thingDefs>
									<li>Steel</li>
								  </thingDefs>
								</fuelFilter>
								<fuelCapacity>40</fuelCapacity>
								<initialFuelPercent>1</initialFuelPercent>
								<autoRefuelPercent>0.75</autoRefuelPercent>
								<showFuelGizmo>true</showFuelGizmo>
								<minimumFueledThreshold>1</minimumFueledThreshold>
								<fuelMultiplier>0.75</fuelMultiplier>
								<factorByDifficulty>true</factorByDifficulty>
								<consumeFuelOnlyWhenUsed>true</consumeFuelOnlyWhenUsed>
								<outOfFuelMessage>Cannot shoot: Needs new barrel</outOfFuelMessage>
								<fuelIconPath>UI/Overlays/Barrel</fuelIconPath>
							</li>
						</comps>
						<description>A turret with a mechanoid trinity gun on top that automatically fires at nearby and distant enemies. Has a chance to explode in an inferno when damaged.\n\nEvolved defense building with an unbelievable firerate and low accuracy, designed to maw down anything entering its security zone. Has a Trinity Gun, which is fed by 4 large ammunition containers with magnum breaker cartridges inside. The central weapon system is mounted on an auto turret. Needs steel to renew the barrels after heave use. Can be upgraded.</description>
						<passability>PassThroughOnly</passability>
						<fillPercent>0.85</fillPercent>
						<hasTooltip>true</hasTooltip>
						<thingCategories>
							<li>BuildingsSecurity</li>
						</thingCategories>
						<stuffCategories>
							<li>Metallic</li>
						</stuffCategories>
						<costStuffCount>100</costStuffCount>
						<costList>
							<Plasteel>100</Plasteel>
							<ComponentIndustrial>3</ComponentIndustrial>
							<Gun_Minigun>1</Gun_Minigun>
						</costList>
						<constructionSkillPrerequisite>12</constructionSkillPrerequisite>
						<terrainAffordanceNeeded>Light</terrainAffordanceNeeded>
						<designationCategory>Security</designationCategory>
						<designationHotKey>Misc5</designationHotKey>
						<specialDisplayRadius>56</specialDisplayRadius>
						<stealable>false</stealable>
						<rotatable>true</rotatable>
						<building>
							<ai_combatDangerous>true</ai_combatDangerous>
							<turretGunDef>Gun_MechanoidTrinityTurret</turretGunDef>
							<turretBurstCooldownTime>4.2</turretBurstCooldownTime>
							<turretBurstWarmupTime>4</turretBurstWarmupTime>
							<turretTopGraphicPath>Things/Building/Security/MechanoidTrinityGun</turretTopGraphicPath>
							<turretTopOffset>(0, 0.01)</turretTopOffset>
							<turretTopDrawSize>2</turretTopDrawSize>
						</building>
						<placeWorkers>
							<li>PlaceWorker_TurretTop</li>
						</placeWorkers>
						<researchPrerequisites>
							<li>CE_HeavyTurret</li>
						</researchPrerequisites>
						<uiIconScale>0.90</uiIconScale>
					</ThingDef>
				</value>
			</li>
			<li Class="PatchOperationReplace">
				<xpath>/Defs/ThingDef[defName="Gun_MechanoidTrinityTurret"]</xpath>
				<value>
					<ThingDef ParentName="BaseHumanGun">
						<defName>Gun_MechanoidTrinityTurret</defName>
						<label>Mechanoid Trinity</label>
						<menuHidden>true</menuHidden>
						<description>Evolved defense building with an unbelievable firerate and low accuracy, designed to maw down anything entering its security zone. Has a Trinity Gun, which is fed by 4 large ammunition containers with magnum breaker cartridges inside. The central weapon system is mounted on an auto turret. Needs steel to renew the barrels after heave use. Can be upgraded.</description>
						<graphicData>
							<texPath>Things/Weapons/Trunken_Rifle</texPath>
							<graphicClass>Graphic_Single</graphicClass>
						</graphicData>
						<soundInteract>Interact_Rifle</soundInteract>
						<tradeability>None</tradeability>
						<destroyOnDrop>true</destroyOnDrop>
						<statBases>
						  <SightsEfficiency>0.65</SightsEfficiency>
						  <ShotSpread>0.15</ShotSpread>
						  <SwayFactor>0.43</SwayFactor>
						  <RangedWeapon_Cooldown>1.8</RangedWeapon_Cooldown>
						  <DeteriorationRate>0</DeteriorationRate>
						  <Bulk>25.05</Bulk>
						  <Mass>100</Mass>
						  <Flammability>0</Flammability>
						</statBases>
						<weaponTags>
							<li>TurretGun</li>
						</weaponTags>
						<verbs>
						  <li Class="CombatExtended.VerbPropertiesCE">
							<recoilAmount>0.45</recoilAmount>
							<verbClass>CombatExtended.Verb_ShootCE</verbClass>
							<hasStandardCommand>true</hasStandardCommand>
							<defaultProjectile>Bullet_15x65mmDiffusingCharged_Buck</defaultProjectile>
							<warmupTime>1.6</warmupTime>
							<range>75</range>
							<ticksBetweenBurstShots>1</ticksBetweenBurstShots>
							<burstShotCount>50</burstShotCount>
							<soundCast>MechanoidShredder</soundCast>
							<soundCastTail>GunTail_Light</soundCastTail>
							<muzzleFlashScale>2</muzzleFlashScale>
							<targetParams>
							  <canTargetLocations>true</canTargetLocations>
							</targetParams>
							<recoilPattern>Mounted</recoilPattern>
						  </li>
						</verbs>
						<comps>
							<li Class="CombatExtended.CompProperties_FireModes">
								<aiUseBurstMode>true</aiUseBurstMode>
								<aiAimMode>SuppressFire</aiAimMode>
								<aimedBurstShotCount>40</aimedBurstShotCount>
								<noSnapshot>true</noSnapshot>
								<noSingleShot>true</noSingleShot>
							</li>
							<li Class="CombatExtended.CompProperties_AmmoUser">
								<magazineSize>150</magazineSize>
								<reloadTime>8.8</reloadTime>
								<ammoSet>AmmoSet_12x64mmCharged</ammoSet>
							</li>
						</comps>
					</ThingDef>
				</value>
			</li>
		</operations>
	</match>
  </Operation>

  <!-- Bugfix for a fvcked up mod -->
  <Operation Class="PatchOperationFindMod">
	<mods>
		<li>Combat Extended</li>
	</mods>
	<match Class="PatchOperationSequence">
		<success>Always</success>
		<operations>
			<li Class="PatchOperationAdd">
				<xpath>/Defs/ThingDef[defName="Bullet_Xenn_Cold"]/projectile</xpath>
				<value>
				  <soundExplode>Explosion_Stun</soundExplode>
				</value>
			</li>
			<li Class="PatchOperationReplace">
				<xpath>/Defs/ThingDef[defName="Bullet_Xenn_Cold"]/projectile/explosionRadius</xpath>
				<value>
				  <explosionRadius>4.5</explosionRadius>
				</value>
			</li>
		</operations>
	</match>
  </Operation>
  
  <!-- Mod Support for Mechanoid Power Research -->
  <Operation Class="PatchOperationFindMod">
	<mods>
		<li>Mechanoid Power</li>
	</mods>
	<match Class="PatchOperationSequence">
		<success>Always</success>
		<operations>
			<!-- Prerequisites -->
			<li Class="PatchOperationAdd">
				<xpath>/Defs/ResearchProjectDef[defName="MPC_MechanoidBlaster"]/prerequisites</xpath>
				<value>
				  <li>MPC_MechanoidPowerSource</li>
				</value>
			</li>
		</operations>
	</match>
  </Operation>

  <!-- Mod Support for Mechanoid Power Costs -->
  <Operation Class="PatchOperationFindMod">
	<mods>
		<li>Mechanoid Power</li>
	</mods>
	<match Class="PatchOperationSequence">
		<success>Always</success>
		<operations>
			<!-- Mechanoid Power Cell 2 Build -->
			<li Class="PatchOperationAdd">
				<xpath>/Defs/ThingDef[defName="MPC_MechanoidBlasterTurret" or defName="MPC_MechanoidLaserTurret"]/costList</xpath>
				<value>
					<MPC_MechanoidPCell>1</MPC_MechanoidPCell>
				</value>
			</li>
		</operations>
	</match>
  </Operation>
  
  <!-- Mod Support for Mechanoid Power Leavings -->
  <Operation Class="PatchOperationFindMod">
	<mods>
		<li>Mechanoid Power</li>
	</mods>
	<match Class="PatchOperationSequence">
		<success>Always</success>
		<operations>
			<!-- Mechanoid Power Cell 2 Leavings -->
			<li Class="PatchOperationInsert">
				<xpath>/Defs/ThingDef[defName="MPC_MechanoidBlasterTurret" or defName="MPC_MechanoidLaserTurret"]</xpath>
				<value>
					<killedLeavings>
					<MPC_MechanoidPCell>1</MPC_MechanoidPCell>
					</killedLeavings>
				</value>
			</li>
		</operations>
	</match>
  </Operation>

  <Operation Class="PatchOperationFindMod">
	<mods>
		<li>Mechanoid Power</li>
	</mods>
	<match Class="PatchOperationSequence">
		<success>Always</success>
		<operations>
			<!-- Mechanoid Power Cell and AI 2 Leavings -->
			<li Class="PatchOperationInsert">
				<xpath>/Defs/ThingDef[defName="MPC_MechanoidBlasterTurret" or defName="MPC_MechanoidLaserTurret" or defName="MPC_MechanoidDevastatorTurret" or defName="MPC_MechanoidMultiTurret"]</xpath>
				<value>
					<leaveResourcesWhenKilled>true</leaveResourcesWhenKilled>
					<resourcesFractionWhenDeconstructed>1</resourcesFractionWhenDeconstructed>
				</value>
			</li>
		</operations>
	</match>
  </Operation>

  <!-- Mod Support for Turret Extensions -->
  <Operation Class="PatchOperationFindMod">
	<mods>
		<li>[XND] Turret Extensions</li>
	</mods>
	<match Class="PatchOperationSequence">
		<success>Always</success>
		<operations>
			<!-- Mechanoid Upgrade Turret One -->
			<li Class="PatchOperationAdd">
				<xpath>/Defs/ThingDef[defName="MPC_MechanoidBlasterTurret"]/comps</xpath>
				<value>
				  <li Class="TurretExtensions.CompProperties_Upgradable">
					<description>Liberty Platform Upgrade</description>
					<upgradedTurretDescription>A turret with a mechanoid blaster on top that automtically fires at nearby and distant enemies. Has a chance to explode in an EMP impulse when damaged.\n\nEvolved defense building, primarily made for stationary warfare against xenomorphic insectoids and mechanoid swarms - on planets of importance. Has 4 Blaster Cannons with a long range target acquisition attached to it. The central weapon system is mounted on an auto turret of a sturdy nature. Relies on Mechanoid Technology.\n\nUpgraded onto a Liberty plattform for full and unrestricted mobility. Thats close to having legs.</upgradedTurretDescription>
					<costList>
					  <Plasteel>75</Plasteel>
					  <Silver>250</Silver>
					  <BionicArm>1</BionicArm>
					</costList>
					<researchPrerequisites>
					  <li>Bionics</li>
					</researchPrerequisites>
					<workToUpgrade>12500</workToUpgrade>
					<constructionSkillPrerequisite>17</constructionSkillPrerequisite>
					<upgradeFailable>false</upgradeFailable>
					<statOffsets>
						<ShootingAccuracyTurret>0.01</ShootingAccuracyTurret>
					</statOffsets>
					<turretTopGraphicPath>Things/Building/Security/MechanoidBlasterGunEnhanced</turretTopGraphicPath>
					<turretTopOffset>(0, 0.1)</turretTopOffset>
					<basePowerConsumptionFactor>1.5</basePowerConsumptionFactor>
					<canForceAttack>true</canForceAttack>
					<baseResourceDropPct>1</baseResourceDropPct>
					<destroyedResourceDropPct>0.75</destroyedResourceDropPct>
				  </li>
				  <li Class="TurretExtensions.CompProperties_SmartForcedTarget">
					<onlyApplyWhenUpgraded>true</onlyApplyWhenUpgraded>
				  </li>
				</value>
			</li>
		</operations>
	</match>
  </Operation>

  <!-- Mod Support for Turret Extensions -->
  <Operation Class="PatchOperationFindMod">
	<mods>
		<li>[XND] Turret Extensions</li>
	</mods>
	<match Class="PatchOperationSequence">
		<success>Always</success>
		<operations>
			<!-- Mechanoid Upgrade Turret Two -->
			<li Class="PatchOperationAdd">
				<xpath>/Defs/ThingDef[defName="MPC_MechanoidLaserTurret"]/comps</xpath>
				<value>
				  <li Class="TurretExtensions.CompProperties_Upgradable">
					<description>Forecast Gateway System</description>
					<upgradedTurretDescription>A turret with a mechanoid laser gun on top that automtically fires at nearby and distant enemies. Has a chance to explode in an EMP impulse when damaged.\n\nEvolved defense building, primarily made for stationary warfare against heavy ordinance - on planets of importance. Has a Laser Cannon with a long range target acquisition attached to it. The central weapon system is mounted on an auto turret. Relies on Mechanoid Technology.\n\nUpgraded with an automatic Forecast Gateway System to enhance its channeling power and accuracy vastly. Some crazy guy did that.</upgradedTurretDescription>
					<costStuffCount>75</costStuffCount>
					<costList>
					  <Silver>500</Silver>
					  <Gun_ChargeRifle>1</Gun_ChargeRifle>
					</costList>
					<researchPrerequisites>
					  <li>ChargedShot</li>
					</researchPrerequisites>
					<workToUpgrade>10000</workToUpgrade>
					<constructionSkillPrerequisite>16</constructionSkillPrerequisite>
					<upgradeFailable>false</upgradeFailable>
					<statOffsets>
						<ShootingAccuracyTurret>0.02</ShootingAccuracyTurret>
					</statOffsets>
					<turretTopGraphicPath>Things/Building/Security/MechanoidLaserGunEnhanced</turretTopGraphicPath>
					<turretTopOffset>(0, 0.05)</turretTopOffset>
					<basePowerConsumptionFactor>1.5</basePowerConsumptionFactor>
					<canForceAttack>true</canForceAttack>
					<baseResourceDropPct>1</baseResourceDropPct>
					<destroyedResourceDropPct>0.75</destroyedResourceDropPct>
				  </li>
				  <li Class="TurretExtensions.CompProperties_SmartForcedTarget">
					<onlyApplyWhenUpgraded>true</onlyApplyWhenUpgraded>
				  </li>
				</value>
			</li>
		</operations>
	</match>
  </Operation>  

  <!-- Mod Support for Turret Extensions -->
  <Operation Class="PatchOperationFindMod">
	<mods>
		<li>[XND] Turret Extensions</li>
	</mods>
	<match Class="PatchOperationSequence">
		<success>Always</success>
		<operations>
			<!-- Mechanoid Upgrade Turret Three -->
			<li Class="PatchOperationAdd">
				<xpath>/Defs/ThingDef[defName="MPC_MechanoidShockwaveTurret"]/comps</xpath>
				<value>
				  <li Class="TurretExtensions.CompProperties_Upgradable">
					<description>Sonic Boom Enhancer</description>
					<upgradedTurretDescription>A turret with a shockwave gun on top that automtically fires at nearby and distant enemies. Meant to support during heavy warfare. Has a chance to explode in an EMP impulse when damaged.\n\nEvolved defense building, primarily made to support against incoming ground units. Outsorted models were alienated to beat down riots on Jailplanets. Has a Shockwave Gun with an AI target acquisition attached to it. The central weapon system is mounted on an auto turret. Can be slightly upgraded. The generator was improved with a Sonic Boom Enhancer.</upgradedTurretDescription>
					<costList>
					  <Silver>500</Silver>
					  <Gold>75</Gold>
					  <ComponentSpacer>1</ComponentSpacer>
					</costList>
					<researchPrerequisites>
					  <li>ChargedShot</li>
					</researchPrerequisites>
					<workToUpgrade>15000</workToUpgrade>
					<constructionSkillPrerequisite>15</constructionSkillPrerequisite>
					<upgradeFailable>true</upgradeFailable>
					<upgradeSuccessChanceFactor>1</upgradeSuccessChanceFactor>
					<upgradeFailMinorResourcesRecovered>0.5</upgradeFailMinorResourcesRecovered>
					<upgradeFailMajorResourcesRecovered>0.25</upgradeFailMajorResourcesRecovered>
					<upgradeFailAlwaysMajor>false</upgradeFailAlwaysMajor>
					<upgradeFailMajorDmgPctRange>
						<min>0.1</min>
						<max>0.5</max>
					</upgradeFailMajorDmgPctRange>
					<upgradeFailMajorChanceFactor>2</upgradeFailMajorChanceFactor>
					<statOffsets>
						<ShootingAccuracyTurret>0.05</ShootingAccuracyTurret>
					</statOffsets>
					<!-- <turretTopGraphicPath>Things/Building/Security/MechanoidShockwaveGunEnhanced</turretTopGraphicPath> -->
					<turretTopOffset>(0, 0)</turretTopOffset>
					<basePowerConsumptionFactor>1.5</basePowerConsumptionFactor>
					<turretBurstWarmupTimeFactor>0.9</turretBurstWarmupTimeFactor>
					<turretBurstCooldownTimeFactor>0.9</turretBurstCooldownTimeFactor>
					<canForceAttack>true</canForceAttack>
					<baseResourceDropPct>0.75</baseResourceDropPct>
					<destroyedResourceDropPct>0.75</destroyedResourceDropPct>
				  </li>
				</value>
			</li>
		</operations>
	</match>
  </Operation>

  <!-- Mod Support for Turret Extensions -->
  <Operation Class="PatchOperationFindMod">
	<mods>
		<li>[XND] Turret Extensions</li>
	</mods>
	<match Class="PatchOperationSequence">
		<success>Always</success>
		<operations>
			<!-- Mechanoid Upgrade Turret Four -->
			<li Class="PatchOperationAdd">
				<xpath>/Defs/ThingDef[defName="MPC_MechanoidDevastatorTurret"]/comps</xpath>
				<value>
				  <li Class="TurretExtensions.CompProperties_Upgradable">
					<description>Kevlar Fusion Case</description>
					<upgradedTurretDescription>A turret with a heavy Novagun on top that automtically fires at nearby and distant enemies. Has a chance to explode in an inferno when damaged.\n\nEvolved defense building, primarily made to slow down any incoming offenses with its reactive orbs. The fireline Novagun is guided by an AI Smartfire upgrade and scans the surrounding area for thermal signatures and movement. The central weapon system is mounted on an auto turret. Offers a Kevlar Fusion stormhood against any kind of high penetration.</upgradedTurretDescription>
					<costList>
					  <Synthread>50</Synthread>
					  <Hyperweave>50</Hyperweave>
					  <Uranium>50</Uranium>
					</costList>
					<researchPrerequisites>
					  <li>PoweredArmor</li>
					</researchPrerequisites>
					<workToUpgrade>17500</workToUpgrade>
					<constructionSkillPrerequisite>17</constructionSkillPrerequisite>
					<upgradeFailable>false</upgradeFailable>
					<statFactors>
						<MaxHitPoints>1.25</MaxHitPoints>
					</statFactors>
					<turretTopGraphicPath>Things/Building/Security/MechanoidDevastatorGunEnhanced</turretTopGraphicPath>
					<turretTopOffset>(0, 0.05)</turretTopOffset>
					<basePowerConsumptionFactor>1.5</basePowerConsumptionFactor>
					<canForceAttack>true</canForceAttack>
					<baseResourceDropPct>1</baseResourceDropPct>
					<destroyedResourceDropPct>0.75</destroyedResourceDropPct>
				  </li>
				  <li Class="TurretExtensions.CompProperties_SmartForcedTarget">
					<onlyApplyWhenUpgraded>true</onlyApplyWhenUpgraded>
				  </li>
				</value>
			</li>
		</operations>
	</match>
  </Operation>

  <!-- Mod Support for Turret Extensions -->
  <Operation Class="PatchOperationFindMod">
	<mods>
		<li>[XND] Turret Extensions</li>
	</mods>
	<match Class="PatchOperationSequence">
		<success>Always</success>
		<operations>
			<!-- Mechanoid Upgrade Turret Five -->
			<li Class="PatchOperationAdd">
				<xpath>/Defs/ThingDef[defName="MPC_MechanoidMultiTurret"]/comps</xpath>
				<value>
				  <li Class="TurretExtensions.CompProperties_Upgradable">
					<description>High Density Plating</description>
					<upgradedTurretDescription>A tank turret with a Quadgun on top that automtically fire at nearby and distant enemies. Has a chance to explode in an inferno when damaged.\n\nNeeds Plasteel to repair.\n\nEvolved defense building, primarily made to sieve through approaching combat forces with its superior firepower. Has high velocity fastcharger guns with an adaptive AI target system attached to it. The central weapon system is mounted on an auto turret. Enhanced with an extraordinary high density plating and ground stabilizers to withstand an earthquake.</upgradedTurretDescription>
					<costList>
					  <Silver>750</Silver>
					  <Plasteel>50</Plasteel>
					  <Uranium>50</Uranium>
					</costList>
					<researchPrerequisites>
					  <li>PoweredArmor</li>
					</researchPrerequisites>
					<workToUpgrade>17500</workToUpgrade>
					<constructionSkillPrerequisite>18</constructionSkillPrerequisite>
					<upgradeFailable>false</upgradeFailable>
					<statFactors>
						<MaxHitPoints>1.5</MaxHitPoints>
					</statFactors>
					<turretTopGraphicPath>Things/Building/Security/MechanoidMultiGunEnhanced</turretTopGraphicPath>
					<turretTopOffset>(0, 0.15)</turretTopOffset>
					<basePowerConsumptionFactor>1.5</basePowerConsumptionFactor>
					<canForceAttack>true</canForceAttack>
					<baseResourceDropPct>1</baseResourceDropPct>
					<destroyedResourceDropPct>0.75</destroyedResourceDropPct>
				  </li>
				  <li Class="TurretExtensions.CompProperties_SmartForcedTarget">
					<onlyApplyWhenUpgraded>true</onlyApplyWhenUpgraded>
				  </li>
				</value>
			</li>
		</operations>
	</match>
  </Operation>

  <!-- Mod Support for Turret Extensions -->
  <Operation Class="PatchOperationFindMod">
	<mods>
		<li>[XND] Turret Extensions</li>
	</mods>
	<match Class="PatchOperationSequence">
		<success>Always</success>
		<operations>
			<!-- Mechanoid Upgrade Turret Six -->
			<li Class="PatchOperationAdd">
				<xpath>/Defs/ThingDef[defName="MPC_MechanoidTrinityTurret"]/comps</xpath>
				<value>
				  <li Class="TurretExtensions.CompProperties_Upgradable">
					<description>Legacy Alloy</description>
					<upgradedTurretDescription>A turret with a mechanoid trinity gun on top that automatically fires at nearby and distant enemies. Has a chance to explode in an inferno when damaged.\n\nEvolved defense building with an unbelievable firerate and low accuracy, designed to maw down anything entering its security zone. Has a Trinity Gun, which is fed by 4 large ammunition containers with magnum breaker cartridges inside. The central weapon system is mounted on an auto turret. Needs steel to renew the barrels after heave use. Can be upgraded. The casing has been reinforced with an Legacy Alloy. Can bath in bullets now.</upgradedTurretDescription>
					<costList>
					  <Silver>500</Silver>
					  <Plasteel>50</Plasteel>
					  <Gold>50</Gold>
					  <Uranium>50</Uranium>
					</costList>
					<researchPrerequisites>
					  <li>PoweredArmor</li>
					</researchPrerequisites>
					<workToUpgrade>8500</workToUpgrade>
					<constructionSkillPrerequisite>18</constructionSkillPrerequisite>
					<upgradeFailable>false</upgradeFailable>
					<statOffsets>
						<ShootingAccuracyTurret>0.15</ShootingAccuracyTurret>
					</statOffsets>
					<statFactors>
						<MaxHitPoints>1.5</MaxHitPoints>
					</statFactors>
					<turretTopGraphicPath>Things/Building/Security/MechanoidTrinityGunEnhanced</turretTopGraphicPath>
					<turretTopOffset>(0, 0.01)</turretTopOffset>
					<basePowerConsumptionFactor>1.5</basePowerConsumptionFactor>
					<canForceAttack>true</canForceAttack>
					<baseResourceDropPct>1</baseResourceDropPct>
					<destroyedResourceDropPct>0.75</destroyedResourceDropPct>
				  </li>
				  <li Class="TurretExtensions.CompProperties_SmartForcedTarget">
					<onlyApplyWhenUpgraded>true</onlyApplyWhenUpgraded>
				  </li>
				</value>
			</li>
		</operations>
	</match>
  </Operation>

  <!-- Trick Seventeen -->
  <Operation Class="PatchOperationFindMod">
	<mods>
		<li>[XND] Turret Extensions</li>
	</mods>
	<!-- No Upgrades found -->
	<nomatch Class="PatchOperationSequence">
		<success>Always</success>
		<operations>
			<li Class="PatchOperationReplace">
				<xpath>/Defs/ThingDef[defName="MPC_MechanoidMultiTurret"]/building/turretTopGraphicPath</xpath>
                <value>
                    <turretTopGraphicPath>Things/Building/Security/MechanoidMultiGunEnhanced</turretTopGraphicPath>
                </value>
			</li>
		</operations>
	</nomatch>
  </Operation>

</Patch>